text,label,prediction
bbc news amazon bos jeff bezos reject claim company act like drug dealer bbccouknewsavbusine,2.0,2.0
microsoft pay word function poorly samsungus chromebook,0.0,0.0
csgo matchmaking full closet hack truly awful game,0.0,0.0
president slap american face really commit unlawful act acquittal discover google vanityfaircomnewst,2.0,2.0
hi eahelp madeleine mccann cellar past year little sneaky thing escape whilst load fifa point take card use paypal account work help resolve please,0.0,0.0
thank eamaddennfl new te austin hooper orange brown brown austinhooper pictwittercomgrgxzfkon,1.0,1.0
rocket league sea thief rainbow six siege love playing three stream best stream twitch rocketleague seaofthieves rainbowsixsiege follow,1.0,1.0
still kneedeep assassin creed odyssey way anytime soon lmao,1.0,1.0
fix jesus please fix world go playstation askplaystation playstationsup treyarch callofduty negative silver wolf error code pictwittercomziryhrfq,0.0,0.0
professional dota scene fuck explode completely welcome get garbage,1.0,1.0
itch assassinate tccgif assassinscreedblackflag assassinscreed thecapturedcollective pictwittercomvvmogtcjw,1.0,1.0
fredtjoseph hey fred comcast cut cable verizon stay call shut pictwittercomcpwsrmuedg,0.0,0.0
csgo wingman im silver dont bully twitchtvlprezh,2.0,2.0
nbak game suck second leave team intentionally foul,0.0,0.0
congrats nvidia nemo team release candidate really excite see nemo embrace hydra way take control configuration madness machine learning,1.0,1.0
yeah fun,1.0,1.0
fuck life,0.0,0.0
happy birthday red dead redemption shit change life crazy experience,1.0,1.0
say microsoft hardware software security man get hack,0.0,0.0
new callofduty ps oh god,0.0,0.0
anyone play bad luck albatross deck hearthstone literal cop fuck fun police pictwittercomjytrqe,2.0,2.0
finally play rainbow six siege first time admit prefer pull hair csgo day,0.0,0.0
umm playapex die say bug pictwittercombzmhzbadof,2.0,2.0
gtc nice motivational accessible nvidiaai product fair related tech talk nvidiacomenusgtckeyn interest interactionsocial activity braindates dinner strange free attendance university regrainfocuscomflownvidiagt,2.0,1.0
yo verizon add fee account covid protection without permission force pay check bill carefully,0.0,0.0
borderland submit complaint ceo isnt pay staff bonus,0.0,0.0
watch nvidia position lead hardware manufacturer also provide meaningful software consumer remarkable thing beauty incredibly lead company clear focus goal well nvidia,1.0,1.0
see look like xbox controller say anything anyway fire,1.0,1.0
johnson johnson knowingly sell baby powder contain asbestos decade task produce covid vaccine along corporate criminal glaxosmithkline receive nd large fine corporate history various crime trust,0.0,0.0
thing would nvidia unspeakable,1.0,1.0
fortnite run like fps drop everywhere wtf,0.0,0.0
great play dude good optic mk carbine,2.0,1.0
get horse back pslive red dead redemption live youtubebvkhoaei,2.0,2.0
finish assassin creed odyssey shadowofficial shadowna begin end thanks amaze game experience service,1.0,1.0
solo q freak spin fast low fps think take b rainbowgame,2.0,2.0
eldest spent long play new call duty game convince even know day let alone long lockdown last normally object think rather deal frustrated stick home,1.0,1.0
corruption knock overwatch babe serious mood atm pictwittercomqnykmgblv,2.0,2.0
playcodmobile mgames love call duty unfortunately im lot audio bug every time im play br mode game audio stop close open dnv device im use io,2.0,0.0
amazon stop accept new online grocery customer cut hour whole food store dailymailcouknewsarticle,2.0,2.0
gon na lie black ops cold war trailer probably best cod teaser ever see,1.0,1.0
melusi k shocked justhoneybadger simmyster walkerpool mdassassin owahid rainbowsixsiege pictwittercomacuqjtvgl,2.0,2.0
never pop ice block hearthstone pictwittercombcszlhjhpf,0.0,2.0
mean johnson johnson suppress report asbestos contamination talc product decade wonder many die birx say randomize control study show evidence improve outcome hcq liar youtubetmszubru,0.0,0.0
addict call duty mobile,0.0,0.0
could go wellor horribly wrong,2.0,2.0
yesterday decide go back overwatch forgot much love play want play nothing else mean event atm get ta get pharah skin ana already,1.0,1.0
pubgsupport hiya whenll u fix fn console game ask lot satisfy lack response wonder lagouts part game like red zone im aware cant fix year problem thx,0.0,0.0
fifa leslie steiger must joke see horrible thing iftttytbto,0.0,0.0
thank want stay home play fifa easportsfifa eahelp pictwittercomvwaflay,1.0,1.0
beverlycitizen ronald bellanti resident beverly works ground control organization find drunk drive prevention campaign take facebook express deplorably racist violent view please help expose pictwittercomritukem,1.0,2.0
milestone anniversary chicopee home depot congratulation ed year company gain another gold milestone tim year company mark gain another silver milestone time fly youre fun pictwittercomdilaacufx,1.0,1.0
like killstreaks,1.0,1.0
card magnificent nbakmyteam sfcrabs pinkdiamond sprewell nbak spree myteam card grind nbak pictwittercomiqsfzqw,1.0,1.0
anything wrong game cant claim credit playcodmobile joke callofdutymobile codm codmobile callofduty,0.0,0.0
take phone number thanks verizon rey pay bill yall couldnt jus give time tf,0.0,0.0
big shout icklenellierose remind great assassin creed black flag never finish stick home broken car whilst ps switch girlfriend doom acnh ps gamecube gon na finish pictwittercommrqdajiyvg,1.0,1.0
love rainbowgame much,1.0,1.0
nbak fuck joke,0.0,0.0
johnsonjohnson stop selling baby powder u firm face thousand lawsuit talc product cause cancer say oct test find asbestos baby powder test conduct usfda discover trace amount bbccouknewsbusiness,2.0,2.0
robodanjal chance could get list map new pubg tdm cant seem find good list anywhere,0.0,0.0
seem like playstation marketing deal callofdutyblackopscoldwar feel good treat well playstation,2.0,1.0
eamaddennfl hi try golden ticket challenge work friend u post pointing,0.0,0.0
much enjoy ghostreconbreakpoint division love lore title game gamebooks instagramcompbfeinlnnu,1.0,2.0
johnson johnson extra strength tylenol recall seven people die take haitian music,0.0,0.0
god,0.0,1.0
satyanadella microsoft thanks celebrate diversity need positive energy day,1.0,2.0
best one wtf,1.0,1.0
oooooh shit think motherboard already compatible,1.0,1.0
call duty modern warfare problem child soldier level newsychroniclescomputmso,2.0,2.0
late bgardiners random muse paperlibgardiner thanks bjoerndarko fmscreative google seo,2.0,2.0
free software movement dead linux exist even linus get job today bill hilf microsoft mainstream medium headline remove article later techrightsorgbil,2.0,2.0
people want play valorant say gon na pursue professionally go play hour csgo still like game think would good game bore mind would recommend pursue,1.0,1.0
fuckkkkkk cant wait,1.0,1.0
current status gold make monthly token purchase dont find stable source income bad month mithril flamebloom break seller warcraft pictwittercomlxmqxwpz,2.0,2.0
absolute funny interaction ever see league legend pictwittercomnswyumdvrx,1.0,1.0
used voice changer pretend girl csgo match last night dm flood xd,2.0,2.0
oh shit get day finish fuk,0.0,0.0
miss hearthstone simpler,0.0,1.0
gm fam hope great today jus want take second thank follower support guy truly awesome stateofdecay ghostreconbreakpoint reddeadredemption smallstreamercommunity,2.0,1.0
play ptitdrogo blyonfire start c today get chance win awesome prize merch store plzmacom game booster sound like good deal join discord discordggnakhtps tomorrow hearthstone ryeviper,2.0,2.0
leak memo excoriate facebook slapdash haphazard response global political manipulation dlvritrgbzjd,0.0,2.0
look kinda clean,1.0,1.0
blizzardcs try buy overwatch credit debit load say something go wrong select another payment method try later help try hour,0.0,0.0
verizon waive data overage charge tough folk,0.0,0.0
one buy battlefield steam app literally run google search recommend waste money steamsummersale steamsummersale,0.0,0.0
hisaperth obiawards ceremony take place friday may celebrate outstanding best inspire work staff student within perthcollegeuhi year stream live noon friday hisaperth facebook page teamhisa award iwouldliketothank pictwittercomreiytp,2.0,2.0
indigo urgent care look microsoft team microsoft power platform help deliver quality care worldclass patient experience lnkdineazwmub,1.0,1.0
sure data go frustrated kid use immediately verizon app power hand download app store via google play,2.0,2.0
ghostrecon ghostreconuk pvp server doesnt work nobody connect pls delete scope drone theyre useless und block syrinx bugpoint brokenpoint pictwittercomqktneedvz,0.0,0.0
let fuck gooooooooooooooooooooooooooooooooooooooooooooooooooooooooooo,1.0,1.0
great job guy petershirley withyounotsmwhr,1.0,1.0
watch strapxaxholic twitch think im pretty good apexlegends twitchtvstrapxaxholic twitch streaminglive apex twitchtv,2.0,2.0
feel good get victory apexlegends high school buddy late victorpmeraz noldray freaksandgeeks deserve second season,1.0,2.0
know trash bo multiplayer chance get honesty mind black ops remaster nothing could ever worse mw get work,2.0,0.0
interest real really awesome look,1.0,1.0
even tae play pubg ever instal hahahaha dislike game much,0.0,0.0
red dead redemption rdonline rdr dailychallengers simba pictwittercomoebblxuil,2.0,2.0
one best kpop moment isac kpop group come together play massive fuck game pubg tell iconic,2.0,2.0
joe buck excite hearthstone,2.0,1.0
would fuck way bottom exactly,0.0,0.0
congratulation nominee include leader amy hall award excellence nomination th annual awmdfwgala go virtual facebook youtube live october th pm celebrate fantastic work medium community pictwittercomwgcexrpay,2.0,2.0
hey verizonfios verizon verizonsupport internet speed mbps downmbps pay gig symmetric service verizonfios fiosfail speedtest fiosfam test perform wire connection cat sftp gb cable speedtestnetresultccfb,0.0,0.0
people kill michael trevor end gta probably hooligan shenanigan right,2.0,2.0
nvidia shield daily driver like recommend roku platform nearly universal app compatibility,2.0,2.0
see amazon prime marketing borat get tiktoks vlogs youtube video amazing world change still doubt power online audience time quit,1.0,1.0
happy back love,1.0,1.0
dota dota like happy casey,2.0,2.0
fuck wrong u guy dota,0.0,0.0
well thats help reassure data safe google,0.0,0.0
know buy console specific game dead buy card get absolute best experience cyberpunkgame want absolutely immerse game nvidiageforce ray trace want pictwittercomneaihuvo,1.0,1.0
recent warzone modern warfare patch leak ton black ops cold war detail include singleplayer campaign description editions potential release date callofduty blackopscoldwar modernwarfare warzone bitlyjhyci,0.0,0.0
stream borderlands tonight pm come say hi always pleasure see stream guy,2.0,2.0
sorta amuse nbak selfcentered community manager build limit goodwill release demo identical k everyone vocal trash nbak,0.0,0.0
im get lot red dead redemption right game enable lot dumb thing generally idiot feelsgoodman,1.0,1.0
early adopter get arsed ive promise low price tag come price gigabyte confirm rtx gb rtx gb october question need gb vram want use year k make sense wsvguy nvidia rtx,2.0,2.0
oh dear god computer gon na get fried,0.0,0.0
iisirpootnickii computer issue may die point go chance steam anyway cant sign steam play leagueoflegends keep try get twitchtviisirpootnickii lootgoblingaming leagueoflegends,2.0,2.0
holyyyyy definitely stream weekendbe look,1.0,1.0
pt would stop crash tonight issue never pubgus pubg pubgdevs go give another shot good night central always,2.0,1.0
playstation pre order absolute hopefully xbox go smoother next week ill get two,1.0,1.0
nothing like get two leaver game would promote love league legend,1.0,1.0
good share check item im love poshmarkapp shopangrykitty poshmark fashion style shopmycloset pier leagueoflegends poshmkzpktuisf,2.0,2.0
finnish csgo player jamppi sue valve allege vac ban talkesportbitlybycjrt,2.0,2.0
oga dota pit season europecis look like go one heck tournament best team europe compete esports dota afkgamingcomarticlesdota,2.0,2.0
pathetic freeze stop minion hearthstone daily moment ep gameforcejphearthstonee,2.0,2.0
chopper shot stun,1.0,2.0
use think ellison ok guy prove trump make friend money screw people im sorry microsoft stupid po potus,2.0,2.0
complete fustercluck weekend round year one borderlands decide go back response play original borderlands k goty version pc already shoot feel awful im go try suggest ini change tomorrow,1.0,1.0
anything extreme cause consequencesbanning pubg solution unbanpubg,1.0,0.0
waste,0.0,0.0
play fifa girl get first goal someone shut,2.0,2.0
didnt massive success indieapril happy saw two review amazon today make crappy week personal life little good reviewmay darkfantasy heres one detailed review nevergiveup find audience pictwittercomysjleggyw,2.0,2.0
rainbowgame spearheadbeer best combination enjoy proleagues head montreal see final live pictwittercomogxvfgz,2.0,2.0
earn daily quest complete achievement warcraft,2.0,2.0
playapex guy please fix disconnect reconnect issue really suck get penalize ranked disconnect die need invincibility something get kill cuz really bullshit,0.0,0.0
first game day eventhough damage embarrass apexlegends apexpc game apex pictwittercomyxtawmctn,2.0,2.0
excite news verizon ericsson qualcomm first world achieve g peak speed gbps teamericsson tericsnhhzpai,1.0,2.0
wow nbak get ta something,0.0,0.0
damn hard decision atm wan na join warcraft eu influencer program need stop datamining hmmm,2.0,2.0
wtf,0.0,0.0
big news numerous great company see fantastic result fda must move quickly twittercomnytimesstatus,2.0,1.0
joke tomclancysrainbowsixsiege xboxshare pictwittercomflxomxvub,0.0,0.0
today find window cortana actually sound like jen taylor america nowhere else fuck microsoft,0.0,0.0
yo nbak fuck fake garbage game,0.0,0.0
watch kalloori perfect situation mystic river tampa prescott dak johnson marcus lego harry potter year mille lac leonard kawhi ivan rakitic chilton dan glazer jeff carter julio garcia algemarin l borderlands ill always love loveokstorebestonlinesh,1.0,1.0
hella excite tonight always ill participate aceofpyrites leadership im look forward terrific even rainbowsixsiege youre look siege watch swing say hello bst twitchtvrainbowsixuk,1.0,1.0
good fucking day today happy back gta rp tmr,1.0,1.0
irls really think george floyd something wrong write whole post facebook black live matter dont wan na friend racist people swear didnt know theyre racist feel bad knowing,2.0,2.0
west bit hope good playoff finish slowly die gesports get bad every game least na get win leagueoflegends worlds lolesports lcs lec,2.0,2.0
youre god work,1.0,1.0
c go rank engcro fresh twitchtvvugidrugi,2.0,2.0
think dis nigga meant,2.0,2.0
red dead redemption xbox one bitlywccxm videogames,2.0,2.0
play witcher novigrads quest atmosphere make even excited cyberpunkgame cant wait get night city,1.0,1.0
normally dont put time effort people like show exactly kind people participate rainbowgame since disallow play irl friend low rank u smh pictwittercomaahqxwcz,2.0,2.0
fortnitegame make storm water retard thing anyone could come smfh like wan na ruin ur game,0.0,0.0
damn,0.0,0.0
totally legal johnson johnson company use super poppy make narcotic popular opioid pill washingtonpostcomgraphics,2.0,2.0
year half since red dead redemption come finally time play completely suck away day life worth,1.0,1.0
ps get fortnite alr rip xbox,1.0,1.0
jimbcbs hey jim disagree politics policy greeter cuss home depot line im sorry others make deal,2.0,2.0
fantastic,1.0,1.0
platinum best loot borderland psshare pictwittercomoxbbrspbv,1.0,1.0
respawn playapex sing check dont like sing twitchtvvideos,2.0,2.0
grand theft auto v pr portugalia adymonteirolivehome,2.0,2.0
brand new pc driver date game still crash go rainbowgame,0.0,0.0
hey verizon try contact everyway get nowhere issue cant reach experience verizon bad want maybe att look new customer,0.0,0.0
eamaddennfl franchise face franchise terrible nfl nfldropea nfldropsea,0.0,0.0
nbak ksupport ldk beluba please fix pictwittercomytzhaxtf,0.0,0.0
inspire miserabletop get assassin creed switch excite leave party early go home play black flag pictwittercomyhrybjdynn,1.0,1.0
johnson johnson pause covid vaccine trial patient exhibit unexplained illness twittercomievents,2.0,2.0
red dead redemption pictwittercomxblcpjlxl,2.0,2.0
bro fire,1.0,1.0
good know,1.0,1.0
precovid student game day introduce student robot entertainment game form leauge legendsdota ell program really love check ready set hero lnkdingxjtnm esports youth changeforgood clnkdingxajecc,1.0,1.0
play pubg first time long time love post clip tonight,1.0,1.0
ghost tsushima well assassin creed game modern assassin creed,0.0,1.0
youtube pubg best kill squad kill solo kill skreams game best kill record dadaabhihai youtubecomwatchvjcdz,1.0,1.0
bravo riotgames always know get hyped leagueoflegends rank season super excite,1.0,1.0
team jerseyboys also represent twitch welcome chuckycsgo chef confidence offer content various game like world warcraft csgo valorant twitch click twitch channel tinyurlcomygmh jerseyboys twitch,2.0,2.0
nice bug rainbowgame pictwittercommeophhpad,0.0,0.0
plague corruption amazon ny time bestseller list pictwittercommrgbni,0.0,1.0
u want trust company vaccine johnson johnson know decade asbestos lurk baby powder nbcnewscomhealthhealth,0.0,0.0
time play overwatch helldoom minotebookhorizonedition game mode tank hero v dp hero absolutely nut pictwittercombigxvdwbm,1.0,2.0
wow,1.0,1.0
hi guy get red dead redemption idea anything work pack wolf kill stole bear pelt rage quit gon na take break game foreseeable future,0.0,0.0
rockstargames hell gta online still fuck break,0.0,0.0
official microsoft trailer microsoftflightsimulator simply stun wow upgrade pc asap youtubecomwatchvgkibns,1.0,0.0
game crew league legend clash yesterday texting apps look like love asshole xd pictwittercomntcfslten,1.0,1.0
week k uk hasnt draw winner borderlands collector edition giveaway mean think thats funny company fake giveaway call youtubecomwatchvhuh,0.0,0.0
johnson johnson regain foot analysis johnson johnson stock return high profit support day dlvritrtqqdp,1.0,2.0
good job blizzardent blizzlatam warcraft pictwittercomzyotflen,1.0,1.0
best thing could mentalhealth delete facebook,0.0,0.0
plan spending entire night playing red dead redemption get stone absolutely regret,1.0,1.0
die honor stfu press ur bkb,2.0,2.0
androiddev ive noticed issue upgrade android gradle plugin google compiletesting library crash retrieve resource example detail available githubcomglureauagp something new,0.0,0.0
ghostrecon far play new update stamen pointless even extreme upgraded ration never run lose bullet reload pointless like round sam fisher mission buggy hell good thing gear level,2.0,0.0
johnson johnson medical device company honor recognize dedication perioperative register nurse join u discus resilience stress management register bitlycgpab nurseschangelivesand change everything,2.0,2.0
skin revenant look dope greasygamercomthreadsthiss gg smallstreamercommunity smallstreamersconnect smallstreamer supportsmallstreamers lazyrts fearrts smert sghrts smallstreamersr streamernetwork sssretweets grwthlabs callofduty fortnite rainbow,1.0,2.0
eamaddennfl first pre order say standard would get play day early version thanks lot smh,0.0,0.0
finally complete assassin creed odyssey come best part finish anything read tvtropes page,1.0,1.0
new assassin creed look freak sick wait,1.0,1.0
end season steal someone elses kill eliminate kill leader apexlegendsclips game gamer youtubegaming gamergirl apexlegends xboxshare,2.0,2.0
im love mlssmahut assassincreedodyssey assassinscreed ubisoft ubisoft kassandra psshare pictwittercomtbkcnfou,1.0,2.0
sale decline u canada due cancer claim company decide victimize people third world,0.0,0.0
cant even get lvl battle pas life unfair,0.0,0.0
thanks help small business life blood country,1.0,1.0
god damn beautiful ps pictwittercomnqkprftj,1.0,1.0
johnson johnson beat q estimate raise dividend johnson johnson jnj stock rise pm et today investor optimistic company strong firstquarter result dividend hike johnsonandjohnson earnings dividend marketrealistcomjohnso,1.0,1.0
love u guy,1.0,1.0
alright let road gold apex rank come hang twitchtvcpatran game stream twitch twitchaffilate twitchstreamers twitchstreamer apexlegends,2.0,2.0
zysolablogspotcompwelcomehtml zysola tech technews techworld technology innovation world warcraft rat xbox series x brazil l,2.0,2.0
damn microsoft go show new xbox series x sony hasnt make peep thevergecom playstation guy thing sound like screamer,1.0,1.0
cant stand omg,0.0,0.0
death app storegooglcrgxc google playgooglyjvqxr breeding game death,2.0,2.0
cant wait get next gen console playstation cdprojektred cyberpunk,1.0,1.0
csgo road rio prediction north america group evilgeniuses thieves geng cloud triumphgaminggg orgless group b teamliquid mibr furiagg envy bad news bear yeahgaming pictwittercomazvzbj,2.0,2.0
playapex problem buy battlepass new patch,0.0,0.0
mixercomsirdoverut mixer smallstreamersconnect apexlegends ranked pathfinder,2.0,2.0
squadwipe turn n burn apexlegends xboxshare pictwittercomleggbdj,2.0,2.0
boycott home depot shop place longer get money american buy book stamp postal office many keep run,0.0,0.0
new red dead redemption graphic look incredible,1.0,1.0
like narwhalsulky super surprise send siege swag include headset shit think cheeky giveaway might order guy think rainbowsixsiege thanks rainbowgame super unexpected pictwittercompqmvtnmvuh,1.0,1.0
lmaothis country fvcked jfc saw johnson johnson commercialyou know folk toxic talc cause cancertalking theyre work round clock covid vaccine line folk roll sleeve,0.0,0.0
woops make bunch boomer men mad facebook lmfaoooo pictwittercomyijbzvfs,2.0,2.0
may gon na awesome,1.0,1.0
transvaginal mesh johnson johnson fin deceptive marketing woman theguardiancombusiness,2.0,2.0
facebook hub fake information,0.0,0.0
skunkworks johnson johnson rush develop coronavirus vaccine inquirercombusinessdrugs via phillyinquirer,2.0,2.0
gon na say overwatch essentially nominate lgbtq game year worse rise skywalker nominate lgbtq film year least rise skywalker slow footage zoom see gay shit squint,0.0,0.0
trust technology important satyanadella msinspire love boomerang background mvpbuzz share technology new feature like boomerang community microsoft pictwittercomsuntrxy,1.0,1.0
assassin creed odyssey probably favorite series,1.0,1.0
epicgamestr fortnitegame save world glithced get vbucks save world daily log press claim work show,0.0,0.0
piss people fifa twitter,0.0,0.0
eahelp hi boot battlefield v game unable go online see people subreddit say issue battlefield server,0.0,0.0
whoever create undo button microsoft word genius,1.0,1.0
warcraft explain bullshit thanks pictwittercomwelcuknz,0.0,0.0
covid vaccine big shock corona vaccine johnson johnson stop trial thekhabarbharatcomindiaenglish,2.0,2.0
ugh remember star lina drooling day even make screensaver look freak good,1.0,1.0
haha bet point digitalnutter rank apexlegends xboxshare pictwittercomzprctbdtvt,2.0,2.0
flank kill battlefieldv bfv psshare storeplaystationcomtidcusa,2.0,2.0
chaplinez morning might agree mean disrespect anyone feel international break pandemic terrible idea dont understand guy fifa think right,0.0,0.0
love gta san andreas red death redemption also still old ps slim would love get please,1.0,1.0
dead game,0.0,0.0
im love r animal cross crossover somehow surprising animal crossing doom,1.0,1.0
gbit seriously threaten nvidia super review,0.0,0.0
agree also tiresome play bore look hope olympus come either rotate see much,2.0,2.0
verizon wireless customer face service issue peoria area company say dlvritrthqy,2.0,2.0
lol look something listen upbeat first recommendation heart go nice job google,1.0,1.0
delete techie pls fck u dota,0.0,0.0
house democrat say facebook amazon alphabet apple enjoy monopoly power recommend big change cnbcxgfvxq,2.0,2.0
nbak guy get ta fix shoot bug bc everytime green people kick green animation flicker like crazy also kick stats park garbage bc,0.0,0.0
easily best fifa first time secondary division ball control free kick spin placement original soundtrack vibe unmatched fifa easportsfifa fifa pictwittercomlmzxeagopr,1.0,1.0
cricket bad hivemind fandom time would love good tarzan level kingdom heart bad borderland,0.0,0.0
true epic omfg,1.0,1.0
great starting price,1.0,1.0
delay game eventually good rush game forever bad shigeru miyamoto video game design legend devs cyberpunk please take care game wait year week hurt,1.0,1.0
best luck,1.0,1.0
interested,1.0,1.0
red dead redemption get want move mother fuck ranch,1.0,1.0
goodness playoverwatch matchmaking competitive shitty trump dick fuck usa,0.0,0.0
everyone think playoverwatch open que comp ive roll sigma hell dont supp player overwatch,0.0,0.0
league legend teach come term disappointing third novel,1.0,1.0
hate music,0.0,0.0
ready zombie royale warzone stream tonight gamerretweets callofduty warzone twitch streamer modernwarfare gulagking pureyo head twitchtvjustgln give u follow turn notification miss fun roadtoaffliate,2.0,2.0
league legends kpop group kda announces comeback single baddest entertainment announces baddest comeback entertainment insidexpresscomentertainment,2.0,2.0
quick k rainbowsixsiege rainbowsix rank tomclancy streamer stream mixerfamily mixerlove mixer mixerstreamer mixerstreamersunite mixerstream mixercomknblunt instagramcompbxyqehnnba,2.0,2.0
black ops cold war official reveal new trailer think youtubeygbjhfzy via youtube wait bro love video get hype realthunder,1.0,1.0
bitch legend vip little brother game win streak smfh ronniek nbak pictwittercomgdsknjvj,2.0,2.0
worldcupathome five african match would love see fifa googlehitscomworldcupathome,1.0,1.0
eahelp havent able log battlefield v xbox one friend encounter issue cant go data wont sync however bf nhl game appear fine though,0.0,0.0
say play hearthstone ptq last weekend make appreciate magic organize play ptlevel even consistent disappointment,2.0,2.0
great storytelling pepper detail bring world life make easy recommend amazon reviewer mystery cosycrime readindie mybooktoclenchermill,2.0,2.0
may first observe macos developer make internet go decade half entire time like lol fuck microsoft buying open source day perhaps developercentric laptop next,2.0,2.0
say hello sasha hostyn aka scarlett current highestearning female esports player world hail canada build amaze career playing starcraft dota much respect amaze woman role model onfirescarlett pictwittercomdmvcty,2.0,2.0
ghostrecon ghostreconbreakpoint take terminator pictwittercomqjrqicbe,0.0,2.0
k k love dota putang ina,1.0,1.0
damn want lp back shit league legend,0.0,0.0
interest get something smartphones nvidia,1.0,1.0
yogg saron puzzle box quite possibly favorite card game secret puzzle box make truly crazy insane wtf moment fun even shitshow hearthstone,1.0,1.0
esports curiosity probably know red dead redemption goalsncomesport,2.0,2.0
nvidia geforce google stadium rival suffers another blow newsnetnvidiageforce,2.0,2.0
k game never,0.0,0.0
verizonfios frustration hold min finally talk rep say call back due static hear hours still hear terrible customer service experience verizon,0.0,0.0
experience assassin creed odyssey wtf open credit ive playing day wheres spiderman disc,0.0,1.0
time show love good streamer head tknockout channel rainbowsixsiege right show love,2.0,1.0
weve crush csgo windailysports congrats jack,1.0,1.0
bout fuck around stream playapex grind brawlhalla afterwards mixercomshinobiszn bitgang,2.0,2.0
dont forget tpci partner tncent mobile pokemon league legends league league aside tncent really shadyshitty company likely feature,0.0,0.0
hella good option love game get ta go gta pictwittercomdcutjqao,1.0,1.0
microsoftowned minecraft stop use amazon cloud teknoidscommic,2.0,2.0
nbak k anything like im never buy game yall make game like k,0.0,0.0
success past come people dont know single thing time go back audience im facebook cater crowd anymore,0.0,0.0
verizon charge damn much cellphone plus service suck,0.0,0.0
thank waqar bhai finally pubg unbanned waqarzaka pictwittercompgeadhptnc,1.0,1.0
king,2.0,2.0
get ready weekend special offer marvel spider man assassins creed black flag call duty infinite warfare many others week visit nzgameshopcomspecialoffers get great deal,2.0,2.0
league legend start fps spike two day ago sign stop playing,0.0,0.0
hey guy hit legend eu incredible winrate seem strange take get lot reward new rank look kinda cool overall pretty happy change till hearthstone pictwittercomxnqitoklo,1.0,1.0
great big company cant everything otherwise today would yellow page yahoo google wouldnt able give u cool product think optimist say zoomus disrupter many googlemeet airmeetcom,1.0,2.0
ship first gpuenabled production code bravetools lxd make easy passthrough host hardware nvidia driver bravetools abstract configuration make easy automate future release ai devops opensource githubcombravetoolsbra,2.0,2.0
ps look nice love white,1.0,1.0
jul red dead redemption amazon ps amzntoyuuab x amzntosmbhgx,2.0,2.0
news gamesradar retailer email customer advise xbox series x preorders hono download app applaygames news video game information playgooglecomstoreappsdet gamesradarcomretailersare,2.0,2.0
thanks rockstargames youre rock star reddeadredemption pictwittercomztcucgrl,1.0,1.0
deliver inhouse team microsoft dynamic enhances productivity increase agility organisation adapt quickly change get touch today find razorbluecomcontactus,1.0,1.0
switzerland open criminal case fifa bos infantino scoopliveorgswitzerlandop,0.0,0.0
borderland two fuck dragon someone help,2.0,2.0
fuck buy one man gon na buy one,1.0,1.0
glad never join facebook,0.0,0.0
africa esports championship back excite season feature league legends tekken fifa pubg mobile call zambian player sign register visit aecafrica esportsafreeca gematrix aec zambia,2.0,2.0
waow ps game retract announcement pc port surely coincidental mistake,0.0,0.0
playhearthstone mana hero power deal one damage make token hero power cost double absolutely worth play guy think make dh take underpowered class make unusable ladder occur u,0.0,0.0
go right great reporting nightcitylifede,1.0,1.0
congratulation guy finally pubg unban ho gye thnks zakawaqar thnks pubg lover,1.0,1.0
unpopular opinion fortnite kind best game ive ever play almost like thought person live alone,1.0,1.0
amd really get scared nvidia ampere quit make gpus switch bike,1.0,1.0
sleep random facebook article care hour ago kylie jenner deal troll call ugly,2.0,2.0
free use recent work fortnite pictwittercompvmutkt,0.0,1.0
dont know people app tell someone id buy ps shes insult,2.0,2.0
insane make want upgrade gpu,1.0,1.0
mori,2.0,2.0
still favorite cod teaser ever twittercomcallfdutywiki,1.0,1.0
pubg available android playstore io pubgbanned,0.0,0.0
im offend,0.0,0.0
one many reason madden sorry game,0.0,0.0
see mess im talk smh tryna play head work ugh get ta wait ghostreconbreakpoint instagramcompcfkowbifdrv,1.0,0.0
red dead redemption online streamlabscomwarrenarroyoh,2.0,2.0
classic,1.0,1.0
sick sidemen stans oh mean people call bullshit fuck lazy post important petition speak spread awareness important movement time post fuck fifa act,0.0,0.0
talk way much shit play hearthstone battlegrounds someone start week half ago,2.0,2.0
ghostrecon sound issue since late update playing friend hear weapon fire click sound sound please fix,0.0,0.0
insane,1.0,1.0
combine product engagement analytics digitalsignage content continuously optimize learn johnson johnson drive sale lift beauty sale lift otc learn bufflyfcqupt,1.0,2.0
game day microsoft xbox year old wait entire generation comeback hope hit grandslam xboxgamesshowcase xboxseriesx,1.0,1.0
like hearthstone pictwittercomeflvsym,1.0,2.0
someone share facebook come find original gem,2.0,2.0
dusty depot,2.0,2.0
check video leagueoflegends capture outplay alienwaregames pictwittercomxkqewhw,2.0,2.0
like almost time ubisoft problem receive reward later ubisoft,0.0,0.0
hat pack one least sell arrived safelylol resellercommunity flip thriftshopping thrift goodwill yardsalefinds yardsale garagesale americanpickers ebay amazon sourcing instagramcompcbbfxrfqhw,1.0,2.0
release woltk expansion best one far blizzmilkfat blizzardent warcraft mikemorhaime day pictwittercomfgplmastt,1.0,1.0
game mutuals pokmon borderland p much sims havent play forever tho spiderman ps spyro reignite uuuh im good either ciaranstrange sasspiria orionsuccs msmarquise bleh,2.0,2.0
really really hope microsoft take away previously multiplatform stuff fuck suck always fuck suck,0.0,0.0
dream play league legends korone play support shaco controllerit vivid,1.0,1.0
reinstall nvidia driver use guide ifnottruethenfalsecomfedoranv firefox still laggy figma,2.0,2.0
wtf go new playstation update cant make open party anymore see anyone elses party unless youre invite askpsuk also top siege server connect definitely wont finish battlepass time rainbowgame,0.0,0.0
eahelp ea account tell invalid let play star war battlefront battlefield v resolve issue yet want play ea game,0.0,0.0
shadowverse look cool look like hearthstone mean could get addict fear fear,0.0,0.0
never understand people enjoy overwatch,0.0,0.0
ghostrecon please fix mountain error hour already,0.0,0.0
choke eco round big l,2.0,2.0
find way lot core play hearthstone time introduce nozcoremu ultimate challenge core rope start burn play turn sorry bad audio quality clipstwitchtvshortpunchypel,2.0,2.0
nice follow pcgeekinfo twitter pcgeekinfo youtube youtubecompcgeekinfo drdisrespect rgblights pcgaming pcmasterrace pcsetup pc gamer game amd ryzen nvidia titanrtx meme intel pcgamer instagramcompbhzxchupf,2.0,2.0
help win awesome csgo giveaway idleempire wnnrdmjyt,1.0,1.0
thanks amaze team microsoft generously donate office license aha today grateful accessibleatx accessible affordable integrate housing affordablehousing microsoft office charity donation nonprofit gratitude austin,1.0,1.0
look pc spec yeah run fortnite fps bitch dont care play fortnite,0.0,0.0
homedepot slightly hate waste time store morning,0.0,0.0
bigram poem inspire wileyed amazon personalize personalize use use x x item ed wiley,2.0,2.0
call duty logic nerfs time keep helicopter make akimbo stupid cheating,0.0,0.0
madden curse broken give cover ljera eamaddennfl easportsmut,2.0,0.0
earn rare well achievement warcraft,2.0,2.0
borderland need help game reason character lag matter whose hose solo game date really frustrating idea would,0.0,0.0
amaze,1.0,1.0
hunduks never happy overwatch beta,0.0,0.0
nice game eamaddennfl pictwittercomcsvmlov,1.0,1.0
start play overwatch switch right covee start combination game console make friendly game experience really zen compare lobby witness,1.0,1.0
modernwarfare sd best fps love rainbowsixsiege toxic community random operator nerfs base player frustration level lose apexlegends dope tho fortnite cool pubg make mil add new land control gg,1.0,1.0
wine drunk play new borderland goddess life fun life findom,2.0,2.0
nvidia broadcast amp come right suddenly find practice pictwittercomyhpzjhwt,1.0,1.0
hey jackwagons dont get come say hi play borderland chat smallstreamer smallstreamercommunity twitchstreamers twitchaffiliate roadtopartner twitch twitchstreamer supportsmallstreamers wtf twitchtvcblack,2.0,2.0
facebook employee reportedly feel guilty company didnt fix know security risk fast enough prevent big data breach ever businessinsidercomfacebookemplo via businessinsider,2.0,2.0
fortnite bot make game unplayed lmfao literally unplayable course land axe loot bot weapon already grind shoot even arm lmfao fortnite right waste data,0.0,0.0
bit late finally get master tier best hero redditjotzm dota,1.0,1.0
much draenor fly,2.0,2.0
man gta shit lol,2.0,2.0
red dead redemption xbox jogando game pa mmixercomvaltinhoroberto game,2.0,2.0
truely masterpiece indeed may excite emotional outstanding job remark end era game history truesight teamnigma dreamog ti dota,2.0,2.0
ptaofficialpk u want ban pubg personnel fight pubg corp pls unban game thousand people request u ban game see lakh people request unban dont take pubg pride problem imrankhanpubgkholo,2.0,0.0
yup theres zombie plague world warcraft shadowlands iftttxboyt,2.0,2.0
nbak guy get ta get chris smoove k manager commentates real basketball influence basketball knowledge come play understand go reach shite job make offer make sense,2.0,2.0
far go time maybe revisit later sorry leagueoflegends artoflegends yuumi pictwittercomiyadyvwmd,2.0,2.0
kill someone make point google vice ny time play life science company theyll use horrible photo,0.0,0.0
super feel really inadequate nvidia,0.0,0.0
keep great work king,1.0,1.0
trailer drop around hour minute cant wait apexlegends playapex apexintel pictwittercomogpnyad,1.0,1.0
low blackrock spire guild one point start share warcraft story chat discord thing get weird tank girl tell u woman batshit crazy hear one story might start suckin dick,2.0,2.0
rainbowgame hey play rank entire lobby ping shot everyone kick except buddy mine cancel match ban,0.0,0.0
extraordinary podcast deanna bergs fight bilateral ovarian cancer determination hold johnson johnson account negligence selling talcbased baby powder witnesspodcastscomshowsverified,0.0,2.0
absolutely love thank much beautiful version lani thel,1.0,1.0
want thank sskywildkatsss let run new borderland dlc last night lot fun,1.0,1.0
dont know fortnitegame doesnt seem care asia server mostthey care every single server region yet asiappl south east asia bad pingfighting japanese ping epic fuck new freefortnite,0.0,0.0
fuck miss,1.0,1.0
share via microsoft edge new york city school ban zoom due security concern shift microsoft team geekwire geekwirecomnewyork,1.0,2.0
nice bow creepypastaassassins creed oc love girl peices cant believe havent post draw twitter time fix fyi chacrter one reason go blademaster creed thecreedfighter assassinscreed creepypasta pictwittercombfknldpnxx,1.0,1.0
love list,1.0,1.0
hilarious fuck,1.0,0.0
woooooo juiceez hit gold rank rainbowsixsiege nice job man stop check sometime hourpower streamer twitch,2.0,2.0
smh,0.0,0.0
pretty cool see next gen game announce stuff excite see official ps xboxseriesx logos look marketing graph,1.0,1.0
ight nbak false alarm pictwittercomfgbubvkb,2.0,0.0
johnson johnson covid vaccine study pause due unexplained illness participant statnewscomjoh,2.0,2.0
hehe love thumbnail upcoming microsoft bethesda video,1.0,1.0
fifa soar top chart week million player already ingame first hour nintendo take five spot top star war squadron hold number second week row bitlyjmuwq,1.0,1.0
special shoutouts microsoft excel,1.0,1.0
dang go birthday present maybe well,1.0,1.0
million viewer wtf csgo minecraft fortnite seriously pictwittercomnsbhoiz,2.0,2.0
blizzardcs go hearthstone ipad delete app redownloaded still say restart app idea patch live io,0.0,0.0
eamaddennfl reason offline franchise lags much every play skip good luck kick extra point offline mode input lag please patch thisfixmaddenfranchise nfldropea fixmadden,0.0,0.0
johnson johnson enter phase trial covid vaccine work one dose claim remember jj find guilty cancer cause baby powder ask honestly trust pharma company,0.0,0.0
ban pubg go fix anything gon na make everything bad expect people lockdown,0.0,0.0
play interest quiz amazon try luck chance win excite reward amazoningamesharegvu quiztimemorningswithamazon,2.0,2.0
maybe great musical moment video game ever,1.0,1.0
vzwsupport send guy direct message issue ipad buy verizon please check,0.0,0.0
amaze toxic fifa community august congrats easportsfifa create one toxic communitiesright csgo rb,0.0,0.0
great wallpaper cyberpunkgame,1.0,1.0
good day apexlegends xboxshare pictwittercomlzboiptt,1.0,2.0
friend play dota cant understand shit entertain hell,2.0,2.0
washington u pharmaceutical company johnson johnson say monday pause covid vaccine trial one participants become sick tamilnaduchroniclecomjohnsonjohnso,2.0,2.0
chill,0.0,0.0
eamaddennfl server,0.0,0.0
shame know cd projeckt red delay witcher itll worth wait,1.0,1.0
mess little duel battlefieldclips battlefieldmemes bf battlefield battlefield twitch twitchstreamer twitchaffiliate twitchtv twitchclips twitchgamer youtube youtuber youtubers instagramcompcdwtldhjumf,2.0,2.0
fifa get angry,0.0,0.0
fifa honestly big pile shit excuse game ever create game play mile hour slow clap ea,0.0,0.0
google suck google regulate undocumented worker misinform white surpemacy,0.0,0.0
dart humanity ep e new normal apple itunesapplecomuspodcastdar google googlecompodcastsfeed google play playgooglecommusiclisten spotify openspotifycomshowoyfdhim iheartradio iheartcompodcastda pandora pandoracompodcastdarta amazon alexa,2.0,2.0
new video go check go terrify visage youtubeoblsmoeiga via youtube game gameplay horrorgames horror isolation scarygames pc pcgames game stayathome youtube youtuber nvidia geforce pcmasterrace,2.0,2.0
remote work increase cloudbased data spur cyberattacks today see publication verizon business data breach investigation report show network security even important dlvritrxfdk exetlos,1.0,1.0
sometimes melee wan na go reason swear many time like circle guy get cqc melee initiate ghostreconbreakpoint happymothersday youtubeecgtsks,0.0,0.0
one sad day life queen business leader reflect could one year amazon kill hq project lic qnscomstory,0.0,0.0
one game fifa tonight press lb change player take literally second pas change direction sham game,0.0,0.0
ti best play epic moment international dota zonestreamcxtibestplays,2.0,2.0
absolutely love amaze sister make absolutely incredible dokkaebi bookmark rainbowsixsiege rs pictwittercomwrrus,2.0,2.0
nvidia buy card convince sli nvidia top thats good new game support sli wow disappointment doom eternal sorry call duty modern warfare sorry good job,2.0,2.0
let know fix trash copy paste gameplay,0.0,0.0
bruh eamaddennfl hh game stick screen minute smh pictwittercomryslnyflfj,0.0,0.0
love dream unbox fuck gut knife safari mesh csgo,1.0,1.0
game smh nbak nbakdemo nbak pictwittercomqrcvameqi,0.0,0.0
next major hearthstone update pay tribute one world warcrafts best expansion denofgeekcomgameshearthst,2.0,1.0
cod gon take long hell download bout fuck wit gta,0.0,0.0
free cyberpunk stick bug youtubershtrtahgg cyberpunk stickbug cyberpunk,2.0,2.0
rock mr black keep honorable cowboy red dead redemption brother cya next time pictwittercomiehyq,1.0,1.0
never life ever fealt fed game wasnt overwatch,0.0,0.0
johnson johnson end baby powder sale u canada lawsuit posit link cancer keep selling elsewhere rt world news rtcomnewsjo,2.0,2.0
get freaky gta bmx bike psshare storeplaystationcomenustidc,1.0,1.0
game look insane wtf,1.0,1.0
gon na spend money apexlegends fix shit bad state fortnite rn dumb,0.0,0.0
god let customize massive cock smh,2.0,2.0
main reason want ps next god war eventually get announcement ill probably wait especially since pc anyways overall im excite game though,2.0,1.0
assasins creed odyssey good like really really good im shock different game compare early installment happy purchase,1.0,1.0
fact chris godwin even high rat wr penn state absolute travesty,0.0,0.0
may look like wifi router design wise look well xbox series x think unique slick like imo lucky go bald yet,0.0,0.0
get ace rank xboxclips rainbowsixsiege clutchwin clutchwinpostsbreezier,2.0,2.0
work macy work chick filum work home depot one lie,2.0,2.0
nigger people johnson johnson,0.0,0.0
get phone verizon cant get phone mdlabor kid pictwittercomakemuwzq,1.0,2.0
rainbowgame server tire get disconnect every single game rainbowsixsiege pictwittercomlsimcki,0.0,0.0
microsoft surface headphone review perfect workfromhome life lnkdinermdv,2.0,2.0
homedepot bad experience weve ever home depot wentzville spent bad machine great year warrenty wait week drop doesnt even work nothing th,0.0,0.0
playapex server whack apexlegends pictwittercomapzbnjg,0.0,2.0
anyone notice ratio confer buy v review card get every card buy review go live sad people prerecord review people confirm order nvidia newegg,0.0,0.0
ok gon na top cod,1.0,1.0
three version wtf,0.0,0.0
writingcommunity want take second give microphone microsoft word say etymologically unrelated actually get right wow come long way baby microsoft microsoftword,1.0,0.0
doesnt even make sense,0.0,0.0
borderland good,1.0,1.0
nbak really guys wont give old retire player year guy make kill game wonder charles barkley nba star miss game every year doesnt make sense youtubekiyggfzse,0.0,0.0
oh god never turn new nvidia fps limiter cause massive tearing hzfps,0.0,0.0
increase performance require right data jimsinurblogspotcomincrea tibco genpact softwareag ibmbpm pega sap ibmsystems appian bonitasoft pnmsoft kofax nintex sapbpm cisco google nvidia axway intel auraportal microsoft redhat redhatopen oracle bizagi,2.0,2.0
playstation love playstation fuck error keep occur nbak,0.0,0.0
crazy disrespectful qbs could see field locker room,2.0,2.0
nfldropea ea game horrible franchise mode horrible mut way child gamble mom credit card face franchise cheese horrible point id rather play fan game madden nfl please drop ea,0.0,0.0
league legends honestly best game ever create,1.0,1.0
rockstargames veteran gta year absolutely lov game really really really need sort game hard,0.0,0.0
playapex get bug game rank end friend get min penality dont leave game,2.0,0.0
dota make league legend look good rn,0.0,1.0
give k ability make sim football game eff contract eamaddennfl yall swindle u enough nfl tell give dont deserve exclusivity license anymore,0.0,0.0
gon na try save historical place bad gameplay poor decision make dont miss assassinscreed odyssey network netgeargaming power cyberpowerpc swag themarvelfactor watchmixer mixercomitsplanb,2.0,2.0
trippy ghostreconbreakpoint storeplaystationcomenustidc,2.0,2.0
wan na play shooty mclootyguns people borderlands recently solod maliwan takedown mission torgues slaughterhouse mayhem intense fun fps gameplay ive year,1.0,1.0
red dead redemption break break heart wild west cruel place,0.0,0.0
sona vault hunter borderlands always time favorite game series pictwittercomtmnsnnje,1.0,1.0
rip whole inventory gamdom crash stay skinless forever,2.0,0.0
ghostrecon glad youre change game make release spot typo uplay though pictwittercomqwdwvbegz,2.0,0.0
tried purple invasion stuff tonight turn sha anger mog dungeon run instead include sort family reunion bloodelf hunter warcraft worldofwarcraft gamer game gamergirl screenshot pictwittercomyfognkjtd,2.0,2.0
true ghostreconbreakpoint need lot support fix definitely nail atmosphere ambiance vista incredible hop march th brings change game need pictwittercommghagdlem,2.0,2.0
hi fortnitegame get wont remove sbmm pub game thats okay fuck insist put absolute shitter team wtf,0.0,0.0
wandakunpls sirhaian say fuck much love videogames point mean soo insane leagueoflegends post one picture something dont really know try understand pick piece together,2.0,2.0
im excite announce partnership volvicde cooperation volvic exclamation mark german esport time award success leagueoflegends tremendous effort team staff behind scene thank pictwittercomcelixsdzk,2.0,2.0
johnson johnson stop sell talcbased baby powder u canada standasideusjohnsonjohnso,2.0,2.0
fuck fortnite yes rage quit,0.0,0.0
yooooooo ps design look slick make xbox series x look like bore pc box psreveal,0.0,2.0
crystallize become top eu mmr leaderboard congrats naviggenreadtext navination dota,2.0,2.0
bandainamcous nobody appreciate remove game nvidia geforce add back remove,1.0,0.0
earn thats valsharah folk achievement warcraft pictwittercompjlujuver,2.0,2.0
morning im split play pso borderland today stream either way stream today happen im excite hang nonetheless hope weekend well pictwittercomxcrvukpq,2.0,2.0
fuck imba demon hunter,0.0,0.0
one profzeroo live w borderlands catch bufflywmmip say streamer shout chat chance come streamershouts shout twitch stream borderlands,2.0,2.0
game hobby love like follow th gamers gamerguy rainbowsixsiege adictition addiction gamestar pictwittercomtnpzympvd,1.0,1.0
start gen cross gen title console assassin creed black flag battlefield call duty ghost destiny watch dog metal gear solid thief evil within get exclusive killzone infamous driveclub knack pictwittercomjxuhgakoh,2.0,2.0
play second week galakronds awaken still decent internet maybe later week twitchtvoldguardian hearthstone twitch,2.0,2.0
youre bad everything panic rainbow bring instinctual brain pictwittercomniybif,2.0,2.0
red dead redemption rdr letsplay playthrough youtubejoysfxhro,2.0,2.0
sony doesnt announce price playstation playstation playstationreveal ps psreveal psmemes le pakistani awam pictwittercomkuvrxpuhwj,2.0,2.0
literally fanboys game industry cant wait take cheap shot microsoft xbox online service feature digital store cloud thing head google amazon tremendous reach ignore threat dumb,1.0,1.0
microsoft xbox bos give update one xbox series x excite feature gamernation game videogames xboxone xboxonex xcloud xboxseriesx retrogaming,2.0,2.0
shoutout mom selfish carry measley month extra could exist world warcraft universe much favorite child,1.0,1.0
still stick madden forget stream work mobesoslim missfoxxybrown yeynotgaming binkggab refuseholdback goodbeataylor im tryna play yard tho,1.0,0.0
happy birthday fortnite,1.0,1.0
im proud create banner scoobz scoobz even though take almost day sigh need work faster xd im pretty impress work anyways twitchtvscoobz like apex legend content help streamer,2.0,2.0
vzwsupport port number verizon account phone call work sm totally broken nothing way anymore verizon app also still broken great experience far,0.0,0.0
first code leaf pleasure present code shoe thx playapex pictwittercomgtabwjhp,1.0,2.0
quiztimemoringswithamazon play interest quiz amazon try luck chance win excite reward amazoningamesharegre,2.0,2.0
th aug happy birthday amaze player shackerlol zhandia teamdynamicslol beyond teamastercn sccccn teamunq teen pic credit riotgames starladderdota leagueoflegends dota dota esports happybirthday pictwittercomvzrvuvjj,2.0,2.0
anyone think otherwise perfectly quality medium ruin message ethos aesthetic need sit explain like call duty game especially shooter fan,0.0,0.0
ps assassin creed syndicate first playthrough positive vibe road follower live twitchtvxklausmikaelso,1.0,1.0
fut menu stuff year best ever far easily make coin build fantastic team without spend peny brilliant however gameplay script ai dominant along awful server ea make unbearable,2.0,2.0
bae go paintballing call duty shit pictwittercomuhxbbuut,2.0,1.0
ah fuck go,0.0,0.0
facebook jail literally nothin aint even tell get report,2.0,0.0
new overwatch skin ugly rip,0.0,0.0
cyberpunk outrage blow cd projekt red devs dispute call crunch story misinformation bufflynwzp,2.0,2.0
good morning hot gross last night end pulling nighter go plus make good progress vindicator cyberpunk silver line n pictwittercomwcndhilco,1.0,1.0
ummm wth apexlegends pictwittercomexchrvgo,0.0,2.0
past day stream bounce last night insanely brilliant session brightpaw ive decide take couple day stream thursday night try new borderland dlc sircuddlypants psi,1.0,1.0
johnson johnson baby powder still available market want alert damage talcbased product may cause learn jjs lawsuit bitlygnsdna,0.0,0.0
playhearthstone guy think remove op amalgadon game unfair,0.0,0.0
store mess ps redesign come something could account least left web version,2.0,2.0
san diego superior court judge order johnson johnson pay million hiding danger risk surgical mesh product woman onnbccomzllbiq,2.0,2.0
world warcraft attack loser demand plot change due racist material youtubeajuvoszk,2.0,2.0
maria play fifa today,2.0,0.0
cant wait,1.0,1.0
year ago week good time pubg huge accomplishment playerunknown team put observer room insane many cable life change thank pictwittercomrwnqkskc,1.0,1.0
mother god,1.0,1.0
think ps behavior shit shin light fact want cause free cause get self like free,0.0,0.0
hate fact nvidia filter make stream flashy try play warzone,0.0,0.0
nvidia give positive forecast despite coronavirus hit nvidia cdrinfocomdcontentnvi,2.0,2.0
favourite cinematic world warcraft pictwittercomzlcchsql,1.0,1.0
know historyunless involve chinabecause likewe investor shit,2.0,2.0
chris love borderlands one two,2.0,1.0
eamaddennfl game trash pictwittercomscucdtheb,0.0,0.0
congratulation client diego scotti cmo verizon name adweek brand genius pictwittercomkilcpassn,1.0,1.0
favourite game god war red dead redemption uncharted rise tomb raider,1.0,1.0
nyxjacob thanks enter grand summoners onepunchman instantwin sweepstakes watch video see amazon gift card retweet every day another chance win play g global free one punch man unit,2.0,2.0
honestly super hype next rainbowgame season gon na miss old house,1.0,1.0
ghostrecon tell light bulletproof game fix shit yo,0.0,0.0
love playstation general always type exclusive xb ps design know get one eventually imma hide thing somehow lol,0.0,2.0
love speculative fiction win amazon giftcard facebook twitter giveaway via sffbookbonanza rafflecoptercomrafldisplaya,2.0,2.0
update actually finish odyssey wish threeponged questline structure communicate bit clearly game lot fun hit stride twittercomivjavystatus,1.0,1.0
lawsuit opiates baby powder scandal would trust jj,0.0,0.0
actually really liked assassin creed,1.0,1.0
yo lowkey feel like amazon always charge random amount shit didnt buy,0.0,0.0
ingameleader social enterprise use esports help atriskyouth get street improve mental health throw love way follow esports csgo leagueoflegends followtheingameleader,2.0,2.0
play today gon na say world edge well map king canyon playapex apexlegends,1.0,2.0
johnson johnson leave conditioner work good asf really define baby hair,1.0,1.0
amazing deal lenovo legion th gen intel core inch fhd game laptop gbgb ssdnvidia gtx gb graphicswindows blackkgsyckin r amazon shop ekaroinenkr,2.0,2.0
idea ready give twisted fate legendsofruneterra leagueoflegends,2.0,2.0
watch new playstation demon souls trailer myglnewscomwatchthenew,2.0,2.0
new project later everyones favorite hearthstone cult,1.0,1.0
azure microsoft unlocks full potential smart building ecosystem azuremicrosoftcomblogmicrosoft,2.0,2.0
rockstargames legit open set fuck camp red dead redemption need let gta die fix rdri piss game year havnt shit,0.0,0.0
praise shame facebook mockpaperscissorscompra,2.0,2.0
fact bitch even get ps lol,2.0,2.0
enough dlc bullshit give u new splinter cell video game,0.0,0.0
amazon cool shit never think need purchase hook attach passenger seat hang purse excite,1.0,1.0
eamaddennfl player rating think algorithm wrong,0.0,0.0
rainbowgame actived ranked,2.0,0.0
bullshit excuse apple real answer get cut microsoft subscription,1.0,1.0
man wholesome,1.0,1.0
mf get excite theatre mode cold war black ops black ops one none yall shit,1.0,1.0
best game ever mrjcorbs playapex pictwittercomexzbxeggk,1.0,1.0
aiiight,2.0,1.0
pubg please sort game crash,0.0,0.0
coronavirus vaccine race get desperate johnson johnson post loss case spike websfavouritescomscienceandte,2.0,2.0
grand theft auto eu good price gacomrquicksellgta,1.0,1.0
preordered eamaddennfl playstation wait,1.0,1.0
play world warcraft much fucking fun believe waste much time play game like cod fortnite h right real man game,1.0,1.0
fricking time,1.0,1.0
khanjali best tank gta online pictwittercompnixqfsbev,1.0,1.0
bro stuff get corrupt download game update ksupport nbak ronniek,0.0,0.0
man leave verizon store see get hand pre order razr v employee let hold phone flip never wash hand wait til th february get,2.0,2.0
annnnnnnd one beautiful k clutch rainbowsixsiege pictwittercombkqolyigwc,1.0,1.0
world warcraft nonsense w viewer twitchtvkreaterage,2.0,2.0
carat tcw natural beautiful amethyst oval cabochon gem dvg dvg amazoncomdpbwgqys via amazon,2.0,2.0
like idea behind whah stand see work,0.0,0.0
holy shit,0.0,0.0
wtf go reinforce desk support,0.0,0.0
verizon join grow advertise boycott facebook social network handle hate speech decision allow several contentious post donald trump remain platform ftcomcontente,2.0,2.0
pretty amazing time stream tonight pubg alot fun thanks everyone come hung,1.0,1.0
easy contest chance win art book bfv fill google doc chance win,2.0,2.0
implication seraphine witness jopping superm thus superm officially part league legends lore cant anymore would something absurd fuck jopping make carefully construct lore billion dollar game,0.0,0.0
amazon best seller best sport collectible iftttvpcx vintage football card old seal wax pack perfect new collector iftttrepfb iftttqpvfw april,1.0,2.0
really enjoy new bmg modernwarfare find satisfying hit little clip like im best sniper enjoy callofduty build use dictator barrel tac laser tacwrap stock stipple grip sleight hand,1.0,1.0
glad get cyberpunk strategy guide preordered go last week sell im glad back stock pictwittercomcrmoicsw,1.0,1.0
im get resident evil vibe character original look tomclancysghostreconwildlands tomclancysghostrecon tomclancy ghostreconwildlands ghostrecon ubisoft pictwittercomlwlpxapej,2.0,2.0
fuck dope might actually pick,1.0,1.0
greedy hearthstone pictwittercomcaajzukf,0.0,2.0
half political account havent interact month three nvidia account two even reply person know irl second row happen pictwittercomnvquiuykoj,2.0,2.0
thatd sad tho,0.0,0.0
johnson johnson stop covid trial participant get unexplained illness ft tweet need comma jnjnews,2.0,2.0
sometimes feel like old grandma play game month ago buy assassin creed origins bc sale like minute like hm violent never touch sksjsbsb,0.0,2.0
red dead redemption rockstargames rdr reddeadonline outlawsforlife psshare pictwittercomqhkznrwm,2.0,2.0
zip hop step bam youre dead sghrts slimmdizzyxo apexlegends xboxone squadwipesunday pictwittercomrygejadl,2.0,2.0
delighted see fifa support fight covid want pas message kick coronavirus handselbowfacedistancefeel washawayviruses staysafe youtubeztlajdb,1.0,1.0
damn homedepot really tell relapse like common man shit aint cool,0.0,0.0
best trailer decade cs go baahubali dark knight rise,1.0,1.0
actually quite like design ps truly feel like next generation console rather bulkier box power,1.0,1.0
old screencaps assassin creed odyssey find wonder woman armour kassandra nightmare horse pictwittercomshmvbgsv,2.0,2.0
man nothing make feel dumber try play hearthstone,0.0,0.0
new york charge johnson johnson insurance fraud opioid claim pageonengnew jnj,2.0,2.0
update play battlefield instead mistake,0.0,0.0
bro boot gta go store bitch still load,0.0,0.0
funny issue huge pandemic fact state tmobile affect verizon customer even call tactic,0.0,0.0
skin age well localpolarbear,0.0,0.0
love orb,1.0,1.0
gon na lie fifa ps combo sound really nice right,1.0,1.0
playoverwatch like way bring back pink mercy andor atlantic mercy id honestly pay good money skin ik start since september v beautiful,1.0,1.0
finally finish red dead redemption nearly year half play something immersive much detail grand scale even manage get produce nothing short engineering artistic miracle,1.0,1.0
excited blackopscoldwar gameplay high speed response doesnt compromise image quality sound benqcomenusknowledg cod gamingmonitor,2.0,2.0
fuck everyone get rtx even get good enough pc put one nvidiageforce nvidia,0.0,0.0
dick microsoft,0.0,0.0
tmobile guy really slow tuba city az make people go verizon,1.0,2.0
fail pubg mobile youtubeqzpthsw via youtube,0.0,0.0
rainbowgame get remove game lose connection cant join match anymore result get half hour ban pictwittercomcyevfvem,0.0,0.0
dbongino real quickly run home depot touch everything rubber glove course day ago predict u million death covit day say thousand rate death less,2.0,2.0
eivor crush thigh,2.0,2.0
wait play beta weekend oh wait xbox never mind,1.0,1.0
make crappy immortal til treasure day reddititorke dota,2.0,2.0
fuck thank,0.0,1.0
plain janie smart janie good sister never cause trouble meet janies secret romance family thriller suspense jeanelia available amazon allauthorcomamazon,2.0,2.0
atleast borderland cheer,1.0,1.0
playapex ghayame figure rainbowgame simple concept amazing game still thrive year success know listen comp scene figure shit bag,0.0,1.0
dont jump csgo csgo medaltvclips,2.0,2.0
oh yeah happy fifa day everyone,1.0,1.0
sad get point say anyone say gta look crazy get life stop say everything happens real life compare video game even sad piece shit people lady get hit car lose life show respect could u,0.0,0.0
gun love tentacle reason excite keepplaying borderland new dlc bitlyvmyme,2.0,1.0
google pixel review phone great camera tinyurlcomyhaql,2.0,2.0
real path valhalla main story without side quest fuckin relieve assassinscreedvalhalla ubisoft,1.0,1.0
absolutely ridiculous prop hunt fortnite anymore utter disappointment smh jakestatefarm fortnitegame kimkardashian,0.0,0.0
update chase email anonymous email tell close friend show facebook post know ask take another outreach random email also creepy take,2.0,2.0
red dead redemption day shoot micah dont like micah twitchtvnightmarebearer,0.0,0.0
happy change game begin middle end flow keep momentum streak second time depend streak get streak,1.0,1.0
yaaaas want see keanu animate anime,1.0,1.0
instead use suitcase move uni find place put buy box home depot recycle think im genius,2.0,2.0
much like amazon business model nobody go tell wear ineffective cloth mask homedepot cvspharmacy walmart samsclub target lose business amazon lunacy control realdonaldtrump censoredcinder breitbartnews,1.0,2.0
shoutout brother coconutbrah probably spending hour custom game rainbowsixsiege,2.0,2.0
kind incredible game ill get year xbox series x im get assassin creed valhalla watch dog legion dirt fuser falconeer thanks gamepass gear tactic destiny beyond light xmas cyberpunk medium,1.0,1.0
use work home depot say security touch u make u give merchandise young employee care ur slick enough,0.0,0.0
run around aimlessly red dead redemption online completely forget shes suppose get animal trader role,2.0,2.0
notorious blockade runner mysterious heiress inconvenient secret trouble misbehave amazon u bufflyonovp itune bufflygsfjcw amazondeals romancebooks kindlebargain,2.0,2.0
lose game league legends bc pc restart without even ask kanker window,2.0,2.0
playapex respawn hey respawnjust play first quest seasonoh boy great job story pve modecant wait next oneawesome work,1.0,1.0
need third rank right xbox apexlegends rank xboxone dm,2.0,2.0
dow point midday pg merck exxon chevron home depot pace retreat onmktwnetxaflg,2.0,2.0
hey verizon know outage,0.0,0.0
xbox majornelson love bring home new xbox series x sell email mislead sayin,1.0,1.0
good luck pay dollar break buggy incomplete game definitely microtransactions despite price xboxseriesx playstation,2.0,0.0
nbak game crap,0.0,0.0
google apple explain promote slave market kuwait apps disgust,0.0,0.0
check video leagueoflegends capture outplay alienwaregames pictwittercomszdmkyyty,2.0,2.0
get ta buy ps xbox year never ask take eat eat pussy cause ima tell damn self,2.0,2.0
get strong netflix vibe like,1.0,1.0
shit time recast,0.0,0.0
go underground get double kill ghostreconbreakpoint pictwittercomklrtkhdbg,0.0,1.0
global cue world market sentiment look weak u index close low tech share drag u market see heavy sell nasdaq close low low apple amazon nvidia slide nifty,0.0,2.0
googlechrome every time open google keep crash chrome super annoy try add list,0.0,0.0
remember one fine stealth game opportunity play think remastering xbox x would boss move,1.0,1.0
check video leagueoflegends capture outplay alienwaregames pictwittercomriqqqyzf,2.0,2.0
man fifa game despite shit shame play fifa wan na rip brain,2.0,0.0
fun red dead redemption tonight thanks tune clipstwitchtvtsunderelightr,1.0,1.0
im wheeze,2.0,0.0
april apparent reason bl cant connect shift whats go ive submit ticket day ago gearbox still respond please help borderland shiftstatus gearboxofficial,0.0,0.0
wow,1.0,1.0
next one borderlands handsome collection youre welcome,1.0,1.0
madden make cross play thing next madden also gift send streamer would love would help promote game youtubers able send gift cross platform eakraelo easportsmut eamaddennfl,0.0,1.0
funny laugh thank blue fortnite man,1.0,1.0
still favourite assassin creed game pictwittercomjapwwrul,1.0,1.0
amazonpayquizi play interest quiz amazon try luck chance win excite reward amazoningamesharegg,2.0,2.0
let agree completely trash inevitable facebook apple google commercial come show people high fiving hug pride keep u connect,0.0,0.0
chinese overwatch fan sad learn match china february march reschedule pictwittercomhvatcpieov,2.0,0.0
holy smoke im really enjoy libram paladin deck youtubexjonvywqa hearthstone youtube twitch paladin blizzard,1.0,1.0
wendie renard lose fifa trophy train appeal return dlvritrmnwq,1.0,1.0
understand port instead gtav switch look much well,0.0,0.0
nbak ronniek ya come fix b pictwittercomjjjkoe,0.0,0.0
madden nfl ps metacriticcomgameplaystati xone metacriticcomgamexboxone pc metacriticcomgamepcmadden gamespot far technical issue normal large chunk recycle content madden nfl feel like update brandnew game,0.0,0.0
wizardsmagic seriously wtf think bad thing could possibly player base last year lose confidence guy design team back hearthstone fucking sad,1.0,0.0
score streak bad thing happen black ops cold war,0.0,0.0
make girl keysmash shit isnt google,2.0,2.0
know home depot fuck toxic tell job want customer want reward service tell manager like ok,0.0,0.0
world warcraft classic continue suffer botting issue fan grow irate happygamercomworldofwarcr game news blizzard mmorpg pcmac worldofwarcraft worldofwarcraftclassic gaming,2.0,2.0
today day early access black ops cold war beta ps start bad dont code suck break fun whoever able play,2.0,0.0
look progress rivian amazon codeveloped electric delivery vehicle youtubelkpoeeulxm kinda wild alexa tesla become important car instead android io,1.0,2.0
idfckathy thank u get ps,1.0,1.0
india ban chinese apps include pubg pubg pubgmobile pictwittercomrtykyxm,0.0,0.0
come facebook face major criticism inaction rampant hate harassment platform facebook markzugerberg unilever honda verizon cocacola levistrauss globalbrands facebookads advertisement advertising instagram instagramads criticism pictwittercomnxjycb,2.0,2.0
much look forward get new info ps,1.0,1.0
guy keep tryna hack battlenet account fuck get overshit level wow classic orc half finish basic set hearthstone,0.0,0.0
actual heck fortnite clearly enough money dick wds dont learn mistake thanks ruin weekend,0.0,0.0
simple read comment customer complain shady information tacky disgust see especially nothing fully good come wait dont mind wait let u know get hope,0.0,0.0
ive never tierd entire life leagueoflegends struggle pictwittercompvisxcw,0.0,0.0
xboxp delay xbox series x point halo delay,0.0,0.0
search game map come want play leave black list que sbmm dumb hate callofduty,0.0,0.0
ps kinda ugly doe,0.0,0.0
battlefieldv become joke point havent heard anything since get back best give u actual information anything seem like havent listen feedback community want,0.0,0.0
youre still diamond yet apexlegends xboxshare pictwittercomjkupytz,2.0,2.0
welp ghostreconbreakpoint immersive update get delay later next month pictwittercomrqkefe,0.0,0.0
omg fov slider,2.0,2.0
exhaust work week probably borderlands stream today sorry,2.0,2.0
johnsonjohnson pause trial relate covid vaccine one volunteer develop unexplained illnessthen foh,2.0,2.0
dude hope next battlefield bring back moment like make rethink reality love onlyinbattlefield,1.0,1.0
nice facebook anymore say hate cuz tell late drama like jeremy beuss skinny white try spout correct gender role anti abortionwomen health display internalize homophobia toxic masculinity,2.0,2.0
play interest quiz amazon try luck chance win excite reward amazoningamesharegg,2.0,2.0
battle game long best action chivwas verizon match highlight nwslfallseries verizoncommunityshield,2.0,2.0
dopamine receptor fuck league legend longer play game unless competitive feel bad,0.0,0.0
adrian thomas vice president scandalridden medical pharmaceutical giant johnson johnson round group thomas responsible pandemic care jj include development vaccine ebola dengue hiv also martin,2.0,2.0
thanks watch play hearthstone tonight thanks get giveaway new earlier stream come eu contingency,1.0,1.0
buy csgo tf item scm enjoy week want something else sell item lose money cuz valve fee buy new item repeat money go,2.0,2.0
amazon hit side crisis highlight grow power thealexanewscomgadgetsamazon,0.0,2.0
fortnite bullying need pictwittercomqyxuxkfy,0.0,0.0
rainbowsixsiege hereford plane chalet fortress casual miss map,1.0,2.0
take chance love exist love act red dead redemption give life advice middle pandemic,2.0,1.0
red dead redemption leave xbox game pas september havent buy already highly recommend pictwittercommsgbzwml,1.0,1.0
want awesome host gmod minecraft teamfortress rust csgo etc visit link zaphostingcomsmithtainment use coupon code guushi checkout gamehosts gamehost host serverhosts websitehost gamedev win unturned mchosting gameserver hype,2.0,1.0
achievement red dead redemption trueachievement pt trueachievementscomgameryoneko,1.0,1.0
meme man beggin girl ps pathetic,2.0,2.0
holy ball unreal,0.0,0.0
friend play korean version pubg blackpink hylt bg music omgg love pictwittercomskotzyvga,1.0,1.0
would love one easportsmut,1.0,1.0
illiterate community think pubg game killer must ban knife gun limit vehicle speed kmh build country less ft height also cause thousand death per year unbanpubg,1.0,0.0
big gold grubber yet best game reno jackson use new update zero cost hero power hearthstone battlegrounds pictwittercomkxhmkma,1.0,1.0
year old bad condition black ice ys get operation health ops might develop ms get shackle instead game ground sky becomes back head amiright rainbowgame,0.0,0.0
eamaddennfl madden nfl still charge stuff ad mut throat want take minshewmania superbowl,0.0,0.0
really callofduty infinityward callofduty warzone modernwarfare storeplaystationcomengbtidc,1.0,1.0
game go wrong fail compilation red dead redemption csgo black ops funny moment funnyfailsvideogaminggonewr,2.0,1.0
shark glte wireless cellular revenue meter verizon certify allow collect energy usage power quality data easily air get demo bitlygltedemo,2.0,0.0
new nvidia series gpus also look appeal good performance half price thats crazy im struggle save save ps pm sep,2.0,2.0
morning year week english get excite explore wonderful story decide task want completesee learn take week google classroom update nfollinstmarys pictwittercomjbfuprjl,2.0,2.0
gta online best vehicle discount th september gta weekly c youtubefxzxzbri,2.0,2.0
red dead redemption street fighter v cyberpunk resident evil remake die light wnnrtxkgn,2.0,2.0
eamaddennfl guy audacity ask connection get lag,0.0,0.0
gta work smash multiple reason location real world city character theme adultoriented series lack original music beyond main theme red dead redemption would work though original music less crass,0.0,0.0
article say marcus longer run company home depot still make stock go ahead boycott,0.0,0.0
pro club fuck kit,0.0,0.0
literally gush stoke play april thats okay im patient im sure worth wait,1.0,1.0
sony drop preorders fear rtx series card hop people buy console instead rtx lol one hell month wasnt nvidia neither ms sony would pull veil price preorders,0.0,2.0
donald trump jr china lie people die inside china death lab facebook facebookcomdonaldjtrumpjr,2.0,2.0
iphone need hurry cause need get verizon cause sprint trash ever since merger tmobile like speed middle age iphone,1.0,0.0
protectorcup hearthstone protector cup top sergiohs spectrocs cristianhs thanks caturixtribe provide u amazing prize see soon protector cup ggs everyone participate pictwittercomxapiprhofi,2.0,2.0
big nyoos numewous gweat company awe see fantastic wesuwts fda must myove quickwy rawr twittercomnytimesstatus,0.0,1.0
im really hop get month cyberpunkgame armageddon hit u,1.0,1.0
tempt,1.0,1.0
bash fifa reason prove insecure hate lingers shehnaaz popularity fifa support shehnaaz sidnaaz ohh myy ga welovefifafooz,0.0,0.0
yassss team raven,1.0,1.0
watch lululuvely vids always hype letsa goo playapex,2.0,2.0
trump reportedly clash att verizon tmobile spam text make ai filter everyone hat spam every single thing thevergecom,2.0,2.0
assassin creed iii love open make want play game enjoy beat one st pictwittercomokwzxbnwxw,1.0,1.0
suspicion anger towards microsoft rise windows search failure techslashdotorgstory even local file search user pc fail yet microsoft blame thirdparty network fiber provider,0.0,0.0
get redteam win round share think take could win iphone pro g team get first dragon tune find verizon gjustgotreal verizonwrsweeps twittercomievents,2.0,1.0
upset,0.0,0.0
vikramkalabi reasonable trajectory pam nvidia lineup,2.0,2.0
love guy,1.0,1.0
wan na shit,1.0,0.0
earn cant stop wont stop achievement warcraft rhaona tichondrius sylvanas,2.0,2.0
fuck,0.0,0.0
woohoooo next apexlegends comic get juicy youtuberteunyyvju,1.0,1.0
series x fuck huge wtf,0.0,0.0
nobody want sign fgrfcofficial fifa side livid messi pure uppity cunt,0.0,0.0
wtf happen sjdkdks ghostreconwildlands psshare storeplaystationcomengbtidc,2.0,2.0
ecommerce giant along google apple facebook investigate potential violation u antitrust law bitlyhrysxl,0.0,2.0
shit around borderland part twitchtvslayerbot,2.0,2.0
eamaddennfl adjust k rating clown disrespect go,0.0,0.0
yuumi super cool fuck cat braum good person neeko damn funny janna would take good care,1.0,1.0
borderlands firebug bronze sabotage statue ember psshare storeplaystationcomenustidc,2.0,2.0
one experience many bug ghostrecon,0.0,0.0
homedepot customer service atrocious ridgidpower ridgidtoday impact driver fix week give run around lsa service agreement even w documentation hand homedepot ridgidtoday,0.0,0.0
tweet much island play much overwatch anymore great fun watch building comp lounge v though acnh owl animalcrossing,1.0,1.0
like u motherfucker kiss,1.0,1.0
ridiculous embarrass unplayable nbak form lag,0.0,0.0
onesearch verizon medium new search engine sound awfully familiar dlvritrnfth,2.0,2.0
fifa bad fifa time,0.0,0.0
red dead redemption live twitchtvmarcelkiefer,2.0,2.0
fact king talk shit much dont notice,2.0,2.0
btc scammer breach twitter account bill gate obama google apple uber dlvritrbkcdk,2.0,2.0
ubisoft rainbowgame look hack let get guy ban username brownmankiller pictwittercomdlksmvv,2.0,2.0
amazonprimedayquiz play interest quiz amazon try luck chance win excite reward amazoningamesharegs,2.0,2.0
activision confirm call duty title black ops cold war know history doom repeat dlvritrfvsg,2.0,2.0
cool,1.0,1.0
cyberpunk delay pa time grab excite cyberpunk book behindblueeyes bladerunner ghostintheshell baby dark gritty sexy full action amazoncomgpawdbgs cyborg amreading,2.0,2.0
rue beautiful fortnite fortniteart fortniteseason digitalart digitaldrawing pictwittercomorquudxmvj,1.0,2.0
bhopping csgo cozy,1.0,1.0
fuck finallllyyyyyyyyy,1.0,0.0
google suck google whitewash uniform public categorize bias,0.0,0.0
im really sorry son hell thing arthur morgan diagnose tuberculosis red dead redemption,2.0,2.0
beautiful girl know psreveal playstation ps pictwittercomkptewyr,1.0,2.0
across fourwinds first book maidstone chronicle yafantasy series begin wondrous journey amazon reviewer maidstonebooks smarturlitllggf,2.0,2.0
wow,1.0,1.0
dangerous party drug everywhere even amazon nbcnewscomfeaturenbcou via nbcnews,2.0,2.0
finally finish borderlands take im proud onto gun love tentacle dlc im excite love wainwright hammerlock much make great couple see get married awesome,1.0,1.0
russian csgo start invade osu,2.0,2.0
start get back play battlefield hardline different game interesting urban warfare interest weapon gadget battlefieldhardline,1.0,1.0
red dead redemption pictwittercomqnncnzyq,2.0,2.0
old lady threaten say go cancel verizon service tell dont work computer cant fix itlike bro,0.0,0.0
anyone think acronym blm battery live matter microsoft pls fix problem give u build battery like sony controller damn,0.0,0.0
fuck finally,1.0,1.0
surprise still love borderland jack pictwittercomhauwnmps,1.0,1.0
amazon best seller screen clean kit best lead lcd tv amazoncomscreencleaner,1.0,1.0
quarantine get bore af play call duty anyone wan na call,1.0,1.0
isodd google suggest deadly terrorst attack commit usaaf also acknowledge september deadly terrorist attack history think searchliaison pictwittercomzfjfglxtmp,2.0,2.0
rainbowgame ban mnkcronos player console game die psxbox cheater,0.0,0.0
team great mediaannouncement day guy always manage surprise hearthstone community think see keep phenomenal work playhearthstone hearthstone pictwittercomqsqfwzav,1.0,1.0
warcraftdevs would incredible,1.0,1.0
remove mcree noose ur pussy enit playoverwatch,0.0,0.0
wtf,0.0,0.0
noticed streamer watch play game battlefield v relaxed well well state mind battlefield v really impact people mental health seem battlefieldv,0.0,0.0
thman playing red dead redemption oh shit bear start run run bear run like mph immediately maul bear,2.0,2.0
look like poster action movie love every damn bit,1.0,1.0
suikoden alex kidd miracle world persona soul calibur league legend nier automaton,2.0,2.0
thank match fund home depot rw payment generous donation support clean water teamworldvision teamworldvisionorgindexcfmfuse,1.0,1.0
tom clancys rainbow six siege great game play negative welp guess im back grind pictwittercomwnareahg,1.0,1.0
late night stream boys come watch warzone run struggle get dub warzone callofduty battleroyale facebookgaming facebookcomyeticasual instagramcompceyfcxheds,2.0,2.0
guess ill break,1.0,1.0
please explain possible let company overcharge scam amazon shame pictwittercommqbbupthx,0.0,0.0
good sony much want see new ps whats go right much important,1.0,1.0
today suck time drink wine n play borderlands sun come hate day tomorrow,1.0,1.0
buy fraction microsoft today small win,1.0,1.0
johnson johnson stop selling talc baby powder u canada jmpeytdv reuters,2.0,2.0
